Pedido;Data pedido;Fornecedor;Filial;Cód. CM;EAN CM;Descrição CM;Cód. interno;Produto;EANs;Qtd (cx);Preço (cx);Total
Pedido_COMPRE_MAIS_20260930;2026-09-30;COMPRE MAIS PA;Castanhal;10233;7893454100678;TANDENE 15CP (DICLOFENACO SODICO+PARACET;201;TANDENE 125+50+300+30MG CX 15 COMP;7893454100678;24;3.89;93.36
Pedido_COMPRE_MAIS_20260930;2026-09-30;COMPRE MAIS PA;Marabá;19570;7896004718453;CLOTRIMAZOL CREM DERM 10MG/G 20G (GEN);361;CLOTRIMAZOL 10MG CREM BG 20G;7896004718453;13;7.59;98.67
Pedido_COMPRE_MAIS_20260930;2026-09-30;COMPRE MAIS PA;Marabá;5196;7896004715537;MOMETASONA CREM 1MG/G 20G (GEN);761;FUROATO DE MOMETASONA 1MG/G CREME BG 20G;7896004715537;9;15.65;140.85
Pedido_COMPRE_MAIS_20260930;2026-09-30;COMPRE MAIS PA;Marabá;482;7893454100661;DERMOSALIC POM 30G (BETAMETASONA+ACIDO S;821;DERMOSALIC 30G POM BG;7893454100661;9;10.37;93.33
Pedido_COMPRE_MAIS_20260930;2026-09-30;COMPRE MAIS PA;Castanhal;464;7893454100647;CETOBETA POM 30G (CETOCONAZOL+BETAMETAS;1301;CETOBETA 20+0,64+2,5MG/G POM BG 30G;7893454100647;36;7.89;284.04
Pedido_COMPRE_MAIS_20260930;2026-09-30;COMPRE MAIS PA;Marabá;23310;7894164009480;HIDRALI PO 28,97G 4ENV UVA;1633;HIDRALI 45 PO ENVELOPE CX C/ 4;7894164009480;1;8.61;8.61
Pedido_COMPRE_MAIS_20260930;2026-09-30;COMPRE MAIS PA;Marabá;24957;7899470808338;TILEMAXY SOL OR GTS 200MG/ML 15ML;1963;TILEMAXY 200MG 15ML GTS;7899470808338;76;2.79;212.04
Pedido_COMPRE_MAIS_20260930;2026-09-30;COMPRE MAIS PA;Castanhal;23786;7899620912731;ACEBROFILINA XPE AD 50MG/5ML 120ML (GEN);2081;ACEBROFILINA 10MG/ML XPE FR 120ML+COP MED;7899620912731;2;6.89;13.78
Pedido_COMPRE_MAIS_20260930;2026-09-30;COMPRE MAIS PA;Marabá;22616;7894164008551;MELATONINA  GTS 20ML SABOR MARACUJA;3573;MELATONINA 210MCG 20ML GTS;7894164008551;4;10.26;41.04
Pedido_COMPRE_MAIS_20260930;2026-09-30;COMPRE MAIS PA;Castanhal;11792;7899095233799;ACETILCISTEINA XPE AD 40MG/ML 120ML (GEN;9841;ACETILCISTEINA 40MG XPE FR 120ML ADU;7899095233799;15;10.97;164.55
Pedido_COMPRE_MAIS_20260930;2026-09-30;COMPRE MAIS PA;Castanhal;16767;7899620913202;KALOSTOP SOLU 10ML (ACIDO SALICILICO+ACI;14103;KALOSTOP (N.S.) 0,20+0,15ML/ML SOL FR 10ML;7899620913202;1;8.59;8.59
Pedido_COMPRE_MAIS_20260930;2026-09-30;COMPRE MAIS PA;Castanhal;5183;7899898602068;VITER C 500MG 20CP S/ACUCAR (ACIDO ASCOR;15561;VITER C 500 MG COM CT ENV AL/AL X 20;7898133136481|7899898602068;3;6.99;20.97
Pedido_COMPRE_MAIS_20260930;2026-09-30;COMPRE MAIS PA;Marabá;4754;7896004704593;*AMOXICILINA BD 400MG/5ML 100ML SUSP+SER;32521;AMOXICILINA 400MG SUS FR 100ML;7896004704593;14;20.15;282.10
Pedido_COMPRE_MAIS_20260930;2026-09-30;COMPRE MAIS PA;Castanhal;12391;7896004705781;ATENOLOL 25MG 30CP (GEN);39481;ATENOLOL 25MG CX 30 COMP;7896004705781;3;2.19;6.57
Pedido_COMPRE_MAIS_20260930;2026-09-30;COMPRE MAIS PA;Marabá;4871;7896004709130;ATENOLOL+CLORTALID. 50/12,5MG 30CP (GEN);41101;ATENOLOL+CLORTALIDONA 50+12,5MG CX 30 COMP;7896004709130;7;6.05;42.35
Pedido_COMPRE_MAIS_20260930;2026-09-30;COMPRE MAIS PA;Castanhal;17313;7894916146074;ATORVASTATINA CALCICA 40MG 30CP REV (GEN;43681;ATORVASTATINA 40MG CX 3BL X 10 COMP REV;7894916146074;2;14.05;28.10
Pedido_COMPRE_MAIS_20260930;2026-09-30;COMPRE MAIS PA;Marabá;5553;7898060132518;*AZITROMICINA 500MG 5CP;46141;AZITROMICINA 500MG CX 5 COMP;7898060132518;3;5.99;17.97
Pedido_COMPRE_MAIS_20260930;2026-09-30;COMPRE MAIS PA;Marabá;17923;7898216365708;*AZITROMICINA DI-HIDRATADA 500MG 5CP REV;47221;AZITROMICINA DI-HIDRATADA 500MG CX 5 COMP REV;7898216365708;10;5.65;56.50
Pedido_COMPRE_MAIS_20260930;2026-09-30;COMPRE MAIS PA;Marabá;6310;7898216364510;*AZITROPHAR 200MG/5ML 600MG PO SUSP+SER;47701;AZITROPHAR 600MG PO SUS OR FR 15ML + SER DOS 5ML;7898216364510;1;13.60;13.60
Pedido_COMPRE_MAIS_20260930;2026-09-30;COMPRE MAIS PA;Castanhal;17179;7896004706559;CELERG XPE 0,25MG+2MG/5ML 120ML (DEXCLO+;56201;CELERG 0,25+2MG/5ML XPE FR 120ML;7896004706559;11;15.55;171.05
Pedido_COMPRE_MAIS_20260930;2026-09-30;COMPRE MAIS PA;Marabá;17178;7896004706528;CELERG 0,25MG+2MG 20CP (BETAMETA+DEXCLOR;56501;CELERG 0,25+2MG CX 20 COMP;7896004706528;13;8.99;116.87
Pedido_COMPRE_MAIS_20260930;2026-09-30;COMPRE MAIS PA;Marabá;5217;7898060132075;DEXCLORFENIRAMINA+BETAMET XPE 120ML (GEN;56761;MAL DEXCLORFENIRAMINA+BETAMETASONA 0,4+0,05MG XPE FR 120ML+CM;7898060132075;7;4.59;32.13
Pedido_COMPRE_MAIS_20260930;2026-09-30;COMPRE MAIS PA;Marabá;12590;7899470802565;BUSCOPLEX COMPOSTO 20ML (ESCOPOLAMINA+DI;70541;BUSCOPLEX COMPOSTO 6,67 MG/ML + 333,4 MG/ML SOL OR FR GOT PLAS AMB X 20 ML;7899470802565;1;7.55;7.55
Pedido_COMPRE_MAIS_20260930;2026-09-30;COMPRE MAIS PA;Marabá;466;7893454100685;TANDENE 30CP (DICLOFENACO SODICO+PARACET;82461;TANDENE 125+50+300+30MG CX 30 COMP;7893454100685;24;7.89;189.36
Pedido_COMPRE_MAIS_20260930;2026-09-30;COMPRE MAIS PA;Castanhal;4753;7896004719580;*AMOX+CLAV.POT. 875/125MG 12CP REV (GEN);109321;AMOXICILINA+CLAV POTASSIO 875+125MG CX 12 COMP REV;7896004719580;1;26.45;26.45
Pedido_COMPRE_MAIS_20260930;2026-09-30;COMPRE MAIS PA;Marabá;4755;7896004719597;*AMOX+CLAV.POT. 875/125MG 14CP REV (GEN);109341;AMOXICILINA+CLAV POTASSIO 875+125MG CX 14 COMP REV;7896004719597;5;41.75;208.75
Pedido_COMPRE_MAIS_20260930;2026-09-30;COMPRE MAIS PA;Marabá;20661;7896004733784;BISURAN 8MG/5ML XPE AD 120ML (BROMEXINA);129721;BISURAN 8MG/5ML XPE ADU FR 120ML;7896004733784;1;8.42;8.42
Pedido_COMPRE_MAIS_20260930;2026-09-30;COMPRE MAIS PA;Castanhal;10560;7898060131504;BROMEXINA AD 120ML 8MG/5ML (GEN);129761;CLORIDRATO DE BROMEXINA 1,6MG XPE FR 120ML+CM;7898060131504;7;6.49;45.43
Pedido_COMPRE_MAIS_20260930;2026-09-30;COMPRE MAIS PA;Castanhal;23267;7898060139920;CICLOBENZAPRINA 5MG 30CP REV (GEN);134621;CLORIDRATO DE CICLOBENZAPRINA 5MG CX 30 COMP REV;7898060139920;2;2.89;5.78
Pedido_COMPRE_MAIS_20260930;2026-09-30;COMPRE MAIS PA;Marabá;20656;7896004753218;BENZIFLEX LIS 125+5MG 15CP REV (LISINA+C;134881;BENZIFLEX LIS 125+5MG CX 15 COMP REV;7896004753218;1;16.49;16.49
Pedido_COMPRE_MAIS_20260930;2026-09-30;COMPRE MAIS PA;Marabá;19496;7898216360864;LIDOCAINA GELEIA 20MG/G 30G (GEN;152261;CLORIDRATO DE LIDOCAINA 20MG/G GELEIA BG 30G;7898216360864;1;8.46;8.46
Pedido_COMPRE_MAIS_20260930;2026-09-30;COMPRE MAIS PA;Castanhal;20890;7896004803456;NARIDRIN 12 HORAS 15ML (NAFAZOLINA+MEPIR;161341;NARIDRIN SOL FR 15ML ADU;7896004803456;1;5.39;5.39
Pedido_COMPRE_MAIS_20260930;2026-09-30;COMPRE MAIS PA;Marabá;24878;7896004711423;CLOTRIMAZOL CREM VAG 10MG/G 35G 6APLI (G;189241;CLOTRIMAZOL 10MG CREM VAG BG 35G+6APLIC;7896004711423;6;20.89;125.34
Pedido_COMPRE_MAIS_20260930;2026-09-30;COMPRE MAIS PA;Marabá;12564;7895296353014;FUCSIA FEM 3MG+0,03MG 21CP REV (DROSPI;239441;FUCSIA FEM 3+0,03MG 1BL X 21 COMP REV;7895296353014;1;9.69;9.69
Pedido_COMPRE_MAIS_20260930;2026-09-30;COMPRE MAIS PA;Marabá;5280;7898133136634;ARLIVRY XPE 7MG/ML 100ML CEREJA (HEDERA;274841;ARLIVRY 7 MG/ML XPE CT FR PLAS AMB X 100 ML + CP MED(SABOR CEREJA);7898133136634;5;8.99;44.95
Pedido_COMPRE_MAIS_20260930;2026-09-30;COMPRE MAIS PA;Castanhal;12208;7896004812168;EXPEC XPE 120ML S/AC (OXOM+GUAI+IODE+BEN;303461;EXPEC XPE FR 120ML;7896004812168;12;20.99;251.88
Pedido_COMPRE_MAIS_20260930;2026-09-30;COMPRE MAIS PA;Marabá;12208;7896004812168;EXPEC XPE 120ML S/AC (OXOM+GUAI+IODE+BEN;303461;EXPEC XPE FR 120ML;7896004812168;3;20.99;62.97
Pedido_COMPRE_MAIS_20260930;2026-09-30;COMPRE MAIS PA;Marabá;10559;7899095200296;TRAXONOL 100MG 4CAPS (ITRACONAZOL;306941;TRAXONOL 100MG CX 4 CAP;7899095200296;5;6.27;31.35
Pedido_COMPRE_MAIS_20260930;2026-09-30;COMPRE MAIS PA;Marabá;11746;7899095201378;TRAXONOL 100MG 15CAPS (ITRACONAZOL);306961;TRAXONOL 100MG CX 15 CAP;7899095201378;13;14.10;183.30
Pedido_COMPRE_MAIS_20260930;2026-09-30;COMPRE MAIS PA;Marabá;17292;7896004720838;REPOFLOR 200MG 6CAPS (SACCHAROMYCES BOUL;315361;REPOFLOR 200MG FR 6 CAP;7896004720838;10;16.95;169.50
Pedido_COMPRE_MAIS_20260930;2026-09-30;COMPRE MAIS PA;Marabá;6308;7898216360581;ARTRITEC 7,5MG 10CP (MELOXICAM);339181;ARTRITEC 7,5MG CX 10 COMP;7898216360581;1;3.15;3.15
Pedido_COMPRE_MAIS_20260930;2026-09-30;COMPRE MAIS PA;Marabá;19374;7898216366583;MELOXICAM 15MG 10CP (GEN);339301;MELOXICAM 15MG CX 10 COMP;7898216366583;9;2.02;18.18
Pedido_COMPRE_MAIS_20260930;2026-09-30;COMPRE MAIS PA;Castanhal;5037;7896004704036;NIMESULIDA 100MG 12CP (GEN);361301;NIMESULIDA 100MG CX 12 COMP;7896004704036;30;1.89;56.70
Pedido_COMPRE_MAIS_20260930;2026-09-30;COMPRE MAIS PA;Castanhal;4845;7896004711195;NISTATINA+OXIDO DE ZINCO 60G (GEN);363641;NISTATINA+OXIDO DE ZINCO 100MUI+200MG POM BG 60G;7896004711195;16;12.19;195.04
Pedido_COMPRE_MAIS_20260930;2026-09-30;COMPRE MAIS PA;Marabá;2570;7893454300115;ACERATUM 100MG/ML SOL OTOL 10ML (CARBAMI;403321;ACERATUM SOL FR 10ML;7893454300115;1;10.97;10.97
Pedido_COMPRE_MAIS_20260930;2026-09-30;COMPRE MAIS PA;Castanhal;17389;7894916141123;PREDNISONA 20MG 10CP (GEN);408801;PREDNISONA 20MG CX 10 COMP;7894916141123;1;4.20;4.20
Pedido_COMPRE_MAIS_20260930;2026-09-30;COMPRE MAIS PA;Marabá;13652;7898133134784;*RIFOTRAT SPRAY 10MG/ML 20ML (RIFAMICINA;418201;RIFOTRAT 10 MG/ML SOL TOP SPRAY CT FR PLAS AMB X 20 ML;7898133134784;40;6.99;279.60
Pedido_COMPRE_MAIS_20260930;2026-09-30;COMPRE MAIS PA;Marabá;5323;7896004729640;ROSUVASTATINA CALCICA 10MG 30CP REV (GEN;427761;ROSUVASTATINA CALCICA 10MG CX 3BL X 10 COMP REV;7896004729640;22;7.49;164.78
Pedido_COMPRE_MAIS_20260930;2026-09-30;COMPRE MAIS PA;Castanhal;19609;7896004749648;TADALAFILA 20MG 4CP REV (GEN);456901;TADALAFILA C/4 COMP REV.;7896004749648;4;3.29;13.16
Pedido_COMPRE_MAIS_20260930;2026-09-30;COMPRE MAIS PA;Marabá;13061;7893454100715;TIADOL POM 50MG/G 20G (TIABENDAZOL);461941;TIADOL 50MG/G POM DERM BG 20G;7893454100715;2;13.37;26.74
Pedido_COMPRE_MAIS_20260930;2026-09-30;COMPRE MAIS PA;Marabá;27012;7899620912144;PREDNISONA 20MG 20CP (GEN);483381;PREDNISONA 20MG CX 20 COMP;7899620912144;5;6.49;32.45
Pedido_COMPRE_MAIS_20260930;2026-09-30;COMPRE MAIS PA;Marabá;22120;7896004750354;OLMESARTANA+HIDROCLOR 40/25MG 30CP (GE;491681;OLMESART.+HCTZ 40+25MG CX 3BL X 10 COMP REV;7896004750354;4;26.15;104.60
Pedido_COMPRE_MAIS_20260930;2026-09-30;COMPRE MAIS PA;Marabá;20485;7896004773339;#PREGABALINA (C1) 75MG 30CAPS (GEN);510541;PREGABALINA 75MG CX 30 CAP;7896004773339;4;8.79;35.16
Pedido_COMPRE_MAIS_20260930;2026-09-30;COMPRE MAIS PA;Marabá;19792;7899470807362;MAXALGINA 1G 10CP (DIPIRONA MONOIDRATADA;519081;MAXALGINA 1 G COM CT BL AL PLAS PVC/PVDC TRANS X 10;7899470807362;5;4.29;21.45
Pedido_COMPRE_MAIS_20260930;2026-09-30;COMPRE MAIS PA;Castanhal;16882;7894164001132;VITAXON C 1G 10CP EFERV LARANJA (ACIDO A;532021;VITAXON C 1G EFERV LARANJA CX C 10 EFER;7894164001132;120;3.69;442.80
Pedido_COMPRE_MAIS_20260930;2026-09-30;COMPRE MAIS PA;Marabá;16882;7894164001132;VITAXON C 1G 10CP EFERV LARANJA (ACIDO A;532021;VITAXON C 1G EFERV LARANJA CX C 10 EFER;7894164001132;120;3.79;454.80
Pedido_COMPRE_MAIS_20260930;2026-09-30;COMPRE MAIS PA;Castanhal;18568;7894164005727;MAGMILK TRAD 80MG/ML 100ML(HIDROXIDO DE;542681;MAGMILK TRADICIONAL 80MG/ML 100ML(ARL);7894164005727;1;4.54;4.54
Pedido_COMPRE_MAIS_20260930;2026-09-30;COMPRE MAIS PA;Castanhal;12015;7899620910584;APETISINA BC UVA 240ML (VITAMINAS A+C+M;547741;APETISINA BC 240ML UVA;7899620910584;1;5.29;5.29
Pedido_COMPRE_MAIS_20260930;2026-09-30;COMPRE MAIS PA;Marabá;16089;7899620913059;PERIODENT SOL BUCAL  250ML COM ALCOOL;547801;PERIODENT SOLUCAO BUCAL 250 ML;7899620913059;3;10.39;31.17
Pedido_COMPRE_MAIS_20260930;2026-09-30;COMPRE MAIS PA;Castanhal;18219;7894164006007;VITAXON C + ZINCO 1G 10CP EFERV LARAN (A;549221;VITAXON C ZINCO EFERVECENTE CX C/ 10 CP;7894164006007;60;4.89;293.40
Pedido_COMPRE_MAIS_20260930;2026-09-30;COMPRE MAIS PA;Marabá;18219;7894164006007;VITAXON C + ZINCO 1G 10CP EFERV LARAN (A;549221;VITAXON C ZINCO EFERVECENTE CX C/ 10 CP;7894164006007;24;4.89;117.36
Pedido_COMPRE_MAIS_20260930;2026-09-30;COMPRE MAIS PA;Marabá;18050;7896004768465;LACTULIV 667MG/ML 120ML AMEIXA (LACTULOS;549281;LACTULIV 667MG/ML 120ML AMEIXA (LACTULOS;7896004768465;5;12.85;64.25
Pedido_COMPRE_MAIS_20260930;2026-09-30;COMPRE MAIS PA;Castanhal;12352;7899470802961;XAROPE DE GUACO 100ML MEL MENTOL S/ACUCA;555181;XAROPE DE GUACO 120ML;7899470802961;7;5.99;41.93
Pedido_COMPRE_MAIS_20260930;2026-09-30;COMPRE MAIS PA;Marabá;14970;7898593050464;BIOTINA 60CAPS (VIT. B1, B5, AC. FOLICO);563541;BIOTINA PLUS C/60 CP;7898593050464;1;23.09;23.09
Pedido_COMPRE_MAIS_20260930;2026-09-30;COMPRE MAIS PA;Marabá;19328;7894164007684;CONDROFLAN ULTRA 30CAPS (COLAGENO+VIT D;568601;CONDROFLAN ULTRA 30CAPS;7894164007684;6;29.02;174.12
Pedido_COMPRE_MAIS_20260930;2026-09-30;COMPRE MAIS PA;Castanhal;22939;7899620914155;NIMESULIDA GTS 50MG/ML 15ML (GEN);592701;NIMESULIDA 50MG/ML SUS OR FR GTS 15ML;7899620914155;5;2.59;12.95
Pedido_COMPRE_MAIS_20260930;2026-09-30;COMPRE MAIS PA;Marabá;18226;7894164005239;FLEXENEMA 130ML(FOSF DE SODIO MONO + DIB;606861;FLEXENEMA 130ML (ARL);7894164005239;6;13.64;81.84
Pedido_COMPRE_MAIS_20260930;2026-09-30;COMPRE MAIS PA;Marabá;18134;7894164005802;SULFERMAX GTS 30ML (SULFATO FERROSO);612291;SULFERMAX GTS 30ML (SULFATO FERROSO);7894164005802;7;3.17;22.19
Pedido_COMPRE_MAIS_20260930;2026-09-30;COMPRE MAIS PA;Marabá;24760;7891317017002;CILOSTAZOL 50MG 30CP (GEN);619051;CILOSTAZOL 50MG CX 30 COMP;7891317017002;5;10.02;50.10
Pedido_COMPRE_MAIS_20260930;2026-09-30;COMPRE MAIS PA;Castanhal;22649;7899898601788;SEAKALM MELATONINA SOL ORAL 15ML;636781;SEAKALM MELATONINA 0,21MG 15ML GTS;7899898601788;5;7.89;39.45
Pedido_COMPRE_MAIS_20260930;2026-09-30;COMPRE MAIS PA;Marabá;4607;7899470801384;EXPECTOFLUI XPE 120ML CEREJA (GUAFENESIN;645001;EXPECTOFLUI 13,33MG 120ML XPE CEREJA;7899470801384;1;7.39;7.39
Pedido_COMPRE_MAIS_20260930;2026-09-30;COMPRE MAIS PA;Castanhal;26439;7899095202832;OLMESARTANA 20MG 30CP REV (GEN);661101;OLMESARTANA 20MG CX 30 COMP REV;7899095202832;7;14.59;102.13
Pedido_COMPRE_MAIS_20260930;2026-09-30;COMPRE MAIS PA;Marabá;26121;7894916325882;REPOFLOR 250MG 06CAPS DURA(SACCHAROMYCES;662471;REPOFLOR 250/250MG FR CAP;7894916325882;1;19.45;19.45
Pedido_COMPRE_MAIS_20260930;2026-09-30;COMPRE MAIS PA;Castanhal;24403;7898216366088;ROSUVASTATINA CALCICA 5MG 30CP REV (GEN;667251;ROSUVASTATINA CALCICA 5MG CX 30 COMP REV;7898216366088;2;5.77;11.54
Pedido_PROMO_REDE_20260930;2026-09-30;PROMO REDE PA;;5435;7896007200504;PRES. BLOWTEX ELITE C/3;569121;PRESERV BLOWTEX ELITE C/3UN (BLO);7896007200504;22;1.30;28.60
Pedido_PROMO_REDE_20260930;2026-09-30;PROMO REDE PA;;6125;7896181928683;SIMETICONA GTS 75MG/ML 10ML;642231;SIMETICONA (N.S.) 75MG EMU OR GT FR 10ML;7896181928683;2;1.54;3.08
Pedido_PROMO_REDE_20260930;2026-09-30;PROMO REDE PA;;8439;7898108642085;ATADURA CREPE 08CM X 1,8M MICKEY & AMIGO;661591;ATADURA DE CREPE MICKEY 08CM;7898108642085;1;1.59;1.59
Pedido_PROMO_REDE_20260930;2026-09-30;PROMO REDE PA;;2393;7896862940027;DIPIRONA 500MG GOTAS 10ML (DIPIMED);222061;DIPIMED 500MG/ML SOL OR FR 10ML;7896862940027;2;1.80;3.60
Pedido_PROMO_REDE_20260930;2026-09-30;PROMO REDE PA;;2596;7897917005180;ENALAPRIL 5MG C/30 CPR (GENERICO);334801;MALEATO DE ENALAPRIL 5MG CX 30 COMP;7897917005180;1;1.90;1.90
Pedido_PROMO_REDE_20260930;2026-09-30;PROMO REDE PA;;500;7898108641347;ATADURA CREPE 12CM X 1,8M;661601;ATADURA DE CREPE SANF 12CMX1,80M;7898108641347;2;1.98;3.96
Pedido_PROMO_REDE_20260930;2026-09-30;PROMO REDE PA;;162;7896902210561;AGUA OXIGENADA CR 20VOL DESCOLOR 90ML;657951;AGUA OXIG FARMAX 90ML 20V;7896902210561;1;1.99;1.99
Pedido_PROMO_REDE_20260930;2026-09-30;PROMO REDE PA;;159;7896902210530;AGUA OXIGENADA CR 10VOL DESCOLOR 90ML;674721;AGUA OXIGENADA CR 10VOL DESCOLOR 90ML;7896902210530;8;2.00;16.00
Pedido_PROMO_REDE_20260930;2026-09-30;PROMO REDE PA;;6127;7898133137969;SIMETICONA GTS 75MG/ML 15ML (LUFBEM);547161;LUFBEM 75MG 15ML GTS;7898133137969;22;2.06;45.32
Pedido_PROMO_REDE_20260930;2026-09-30;PROMO REDE PA;;5525;7898903991487;PRES. RILEX LUBRIFICADO C/3;532801;PRESERVATIVO RILEX LUBRIFICADO C/3;7898903991487;4;2.11;8.44
Pedido_PROMO_REDE_20260930;2026-09-30;PROMO REDE PA;;5531;7898903991517;PRES. RILEX MORANGO C/3;532821;PRESERVATIVO RILEX MORANGO C/3;7898903991517;17;2.15;36.55
Pedido_PROMO_REDE_20260930;2026-09-30;PROMO REDE PA;;5524;7898556850452;PRES. RILEX LEITE CONDENSADO C/3;584461;PRESERVATIVO RILEX LEITE CONDENSADO 3UN;7898556850452;1;2.24;2.24
Pedido_PROMO_REDE_20260930;2026-09-30;PROMO REDE PA;;2323;7899095239630;DICLOF. POTASSICO 50MG C/20 CPR (GEN);211501;DICLOFENACO POTASSICO 50MG CX 20 COMP REV;7899095239630;1;2.24;2.24
Pedido_PROMO_REDE_20260930;2026-09-30;PROMO REDE PA;;5289;7896902208612;PO DESCOLORANTE CAPILAR CAMOMILA 8G;649041;DESCOL FARMAX 8G CAMOMILA P/CABELOS;7896902208612;1;2.25;2.25
Pedido_PROMO_REDE_20260930;2026-09-30;PROMO REDE PA;;3224;7896004706474;GLIBENCLAMIDA 5MG C/30 CPR (GEN);263801;GLIBENCLAMIDA 5MG CX 30 COMP;7896004706474;10;2.28;22.80
Pedido_PROMO_REDE_20260930;2026-09-30;PROMO REDE PA;;202;7896902210479;ALCOOL ANTISSEPTICO 70% 50ML;3233;ALCOOL 70% 50ML;7896902210479;25;2.30;57.50
Pedido_PROMO_REDE_20260930;2026-09-30;PROMO REDE PA;;5263;7896075709053;PINCA DEPILATORIA BASIC C/2;630021;PINCA MERHEJE BASIC INOX RETA;17896075709050|7896075709053;1;2.47;2.47
Pedido_PROMO_REDE_20260930;2026-09-30;PROMO REDE PA;;2581;7896004700533;ENALAPRIL 10MG C/30 CPR (GEN);334001;MALEATO DE ENALAPRIL 10MG CX 30 COMP;7896004700533;2;3.12;6.24
Pedido_PROMO_REDE_20260930;2026-09-30;PROMO REDE PA;;6097;7896181928676;SIMETICONA 125MG C/10 CAPS GEL;657211;SIMETICONA (N.S.) 125MG CX 10 CAP;7896181928676;35;3.12;109.20
Pedido_PROMO_REDE_20260930;2026-09-30;PROMO REDE PA;;5691;7896902208469;REMOV. DE ESMALTE AROMATIZADO 100ML UVA;598301;REMOV ESM FARMAX 100ML S/ACET UVA;7896902208469;10;3.66;36.60
Pedido_PROMO_REDE_20260930;2026-09-30;PROMO REDE PA;;5484;7898079003021;PRES. PRUDENCE C/03;585321;PRESERV. PRUDENCE LUB.12X3;7898079003021;13;3.73;48.49
Pedido_PROMO_REDE_20260930;2026-09-30;PROMO REDE PA;;2973;7896444212702;FIO DENTAL HILLO VEGANO HORTELA 50M 828;672381;FIO DENTAL HILLO VEGANO HORTELA 50M 828;7896444212702;3;3.86;11.58
Pedido_PROMO_REDE_20260930;2026-09-30;PROMO REDE PA;;2972;7896444212788;FIO DENTAL HILLO VEGANO CANELA 50M 829;672421;FIO DENTAL HILLO VEGANO CANELA 50M 829;7896444212788;1;3.86;3.86
Pedido_PROMO_REDE_20260930;2026-09-30;PROMO REDE PA;;5473;7898079000334;PRES. PRUDENCE AROM CHOCOLATE C/03;595591;PRESERV PRUDENCE CHOCOLAT 3UN;7898079000334|7898079002833;3;4.13;12.39
Pedido_PROMO_REDE_20260930;2026-09-30;PROMO REDE PA;;5472;7898079001355;PRES. PRUDENCE AROM CHICLETE C/03;595581;PRESERV PRUDENCE CHICLETE 3UN;7898079000884|7898079001355;8;4.14;33.12
Pedido_PROMO_REDE_20260930;2026-09-30;PROMO REDE PA;;1841;7898277713272;COMPLEXO B GOTAS 30ML.;3323;COMPLEXO B 30ML GTS;7898277713272;1;4.14;4.14
Pedido_PROMO_REDE_20260930;2026-09-30;PROMO REDE PA;;6385;7896181929161;TADALAFILA 5MG C/30 CPR (GENERICO);457541;TADALAFILA 5MG CX 30 COMP;7896181929161;70;4.17;291.90
Pedido_PROMO_REDE_20260930;2026-09-30;PROMO REDE PA;;5372;7896181924173;PREDNISONA 20MG C/10 (GENERICO);408881;PREDNISONA 20MG CX 10 COMP;7896181924173;13;4.21;54.73
Pedido_PROMO_REDE_20260930;2026-09-30;PROMO REDE PA;;1905;7896444211293;CONDUTOR DENTAL C/25UND (PASSA FIO) 10;619171;CONDUTOR DENTAL C/25UND (PASSA FIO) 10;7896444211293;8;4.25;34.00
Pedido_PROMO_REDE_20260930;2026-09-30;PROMO REDE PA;;6631;7896004712048;TRIANCINOLONA ACETONIDA PASTA 10G (GEN);961;ACETONIDA DE TRIANCINOLONA 1MG POM BG 10G;7896004712048;8;4.27;34.16
Pedido_PROMO_REDE_20260930;2026-09-30;PROMO REDE PA;;4902;7896902285422;OLEO DE RICINO PURO 30ML;598371;OLEO CAP/CORP FARMAX 30ML PURO RICINO;7896902285422;3;4.38;13.14
Pedido_PROMO_REDE_20260930;2026-09-30;PROMO REDE PA;;5535;7898556850193;PRES. RILEX SENSITIVE C/3;532781;PRESERVATIVO RILEX SENSITIVE C/3;7898556850193;3;4.39;13.17
Pedido_PROMO_REDE_20260930;2026-09-30;PROMO REDE PA;;3814;7898179711314;LEITE DE MAGNESIA 100ML (GASTRIMEC);651461;LEITE DE MAGNESIA GASTRIMEC 100ML TRADIC;7898179711314;6;4.50;27.00
Pedido_PROMO_REDE_20260930;2026-09-30;PROMO REDE PA;;5476;7898079000495;PRES. PRUDENCE AROM MELANCIA C/03;585341;PRESERV. PRUDENCE MELANCIA 12X3;7898079000495|7898079002871;13;4.52;58.76
Pedido_PROMO_REDE_20260930;2026-09-30;PROMO REDE PA;;5536;7898556850209;PRES. RILEX TEXTURIZADO C/3;550161;PRES RILEX TEXTURIZADO 3UN;7898556850209;3;4.56;13.68
Pedido_PROMO_REDE_20260930;2026-09-30;PROMO REDE PA;;5653;7896658035371;QUETIAPINA 25MG C/30 CPR (GENERIC) (C1);278461;FUMARATO DE QUETIAPINA 25MG CX 30 COMP REV;7896658035371;3;4.66;13.98
Pedido_PROMO_REDE_20260930;2026-09-30;PROMO REDE PA;;7422;7897517919962;FIO DENTAL KESS 50M 1996.;562161;FIO DENTAL KESS MENTA 50M UN;7897517919962;3;4.69;14.07
Pedido_PROMO_REDE_20260930;2026-09-30;PROMO REDE PA;;1142;7896444210821;CERA ORTODONTICA C/5 176;619111;CERA ORTODONTICA C/5;7896444210821;2;4.85;9.70
Pedido_PROMO_REDE_20260930;2026-09-30;PROMO REDE PA;;6268;7897917000260;SULF+TRIMET 400+80MG C/20CP BELFACTRIM;446981;BELFACTRIM 400+80MG CX 20 COMP;7897917000260;1;4.85;4.85
Pedido_PROMO_REDE_20260930;2026-09-30;PROMO REDE PA;;5478;7898079000303;PRES. PRUDENCE AROM MORANGO C/03;585361;PRESERV. PRUDENCE MORANGO 12X3;7898079000303|7898079006749;28;5.15;144.20
Pedido_PROMO_REDE_20260930;2026-09-30;PROMO REDE PA;;2847;7897848502291;ESPINAZE GEL PARA ACNE 20G (ACNE LOSS);644971;ESPINAZE 50MG 20G GEL;7897848502291;1;5.19;5.19
Pedido_PROMO_REDE_20260930;2026-09-30;PROMO REDE PA;;3408;7897848501195;HIDROXIZINA 2MG SOL 100ML (GEN);213401;CLORIDRATO DE HIDROXIZINA 2 MG / ML SOL OR CT FR PLAS AMB X 100 ML + SER DOSAD;7897848501195;8;5.19;41.52
Pedido_PROMO_REDE_20260930;2026-09-30;PROMO REDE PA;;8467;7896004810065;BENECTRIN C/10 CPR;470701;BENECTRIN F CX 10 COMP;7896004810065;7;5.23;36.61
Pedido_PROMO_REDE_20260930;2026-09-30;PROMO REDE PA;;728;7897917004688;BETACORTAZOL CREME DERM 30G (CETOBETA);583821;BETACORTAZOL 20+0,64+2,5 MG/G CREM DERM BG 30G;7897917004688;96;5.26;504.96
Pedido_PROMO_REDE_20260930;2026-09-30;PROMO REDE PA;;3411;7899620910744;HIDROXIZINA SOLU ORAL 100ML 2MG/ML (GEN);150021;CLORIDRATO DE HIDROXIZINA 10MG/5ML SOL OR FR X 100ML+CM;7899620910744;7;5.31;37.17
Pedido_PROMO_REDE_20260930;2026-09-30;PROMO REDE PA;;2977;7897517920036;FIO DENTAL KESS BASIC 100M 2003.;629261;BELLIZ FIO DENTAL KESS 100MT BASIC;7897517920012|7897517920036;8;5.38;43.04
Pedido_PROMO_REDE_20260930;2026-09-30;PROMO REDE PA;;5255;7898100243112;PHITOSS 7MG/ML XPE 100ML (HEDERA HELIX).;274781;PHITOSS 7MG/ML XPE FR 100ML PET;7898100243112;10;5.39;53.90
Pedido_PROMO_REDE_20260930;2026-09-30;PROMO REDE PA;;1834;7898277713258;COMPLEXO B C/50 COMPRIMIDOS;602191;COMPLEXO B C/50 COMP REV (ARTE NATIVA);7898277713258;4;5.42;21.68
Pedido_PROMO_REDE_20260930;2026-09-30;PROMO REDE PA;;3227;7899620911826;GLICENIX ADULTO SUP 2,30 (GLICEROL);601641;GLICENIX (N.S.) 2,275G CX 6 GLICEROL ADU;7899620911826;5;5.72;28.60
Pedido_PROMO_REDE_20260930;2026-09-30;PROMO REDE PA;;3229;7899620911840;GLICENIX LACTENTE SUP 0,92 (GLICEROL);599261;GLICENIX (N.S.) 0,91G CX 6 GLICEROL LACTENTE;7899620911840;2;5.74;11.48
Pedido_PROMO_REDE_20260930;2026-09-30;PROMO REDE PA;;2159;7898108640692;CURATIVO CICATRISAN REDONDO C/20 UND;3433;CURATIVO REDONDO CICATRISAN C/20 UND;7898108640692;2;5.94;11.88
Pedido_PROMO_REDE_20260930;2026-09-30;PROMO REDE PA;;3455;7899095202597;IBUPROFENO 400MG C/8 CAPS GEL (GEN);605721;IBUPROFENO 400MG CX 8 CAP;7899095202597;4;5.97;23.88
Pedido_PROMO_REDE_20260930;2026-09-30;PROMO REDE PA;;6276;7896004703732;SULFA+TRIMETOPRIMA SUS 100ML (GEN);470061;SULFAMETOXAZOL+TRIMETOPRIMA SUS FR 100ML;7896004703732;5;6.00;30.00
Pedido_PROMO_REDE_20260930;2026-09-30;PROMO REDE PA;;4442;7899095202108;MICONAZOL CREME DERM 28G (GENERICO);366761;NITRATO DE MICONAZOL 20MG CREME DERM BG 28G;7899095202108;2;6.26;12.52
Pedido_PROMO_REDE_20260930;2026-09-30;PROMO REDE PA;;242;7896075707158;ALICATE P/ CUTICULA C/ ESPATULA LILAS;667631;ALICATE MERH.CUT.C/ESP.LILAS;7896075707158;4;6.31;25.24
Pedido_PROMO_REDE_20260930;2026-09-30;PROMO REDE PA;;7646;7898079003168;PRES. PRUDENCE LUBRIFICADOS LEVE8 PAGUE6;657361;PRES. PRUDENCE LUBRIFICADOS LEVE8 PAGUE6;7898079003168;4;6.59;26.36
Pedido_PROMO_REDE_20260930;2026-09-30;PROMO REDE PA;;6152;7897595604163;SINVASTATINA 40MG C/30 CPR (SINVASTACOR);437341;SINVASTACOR 40MG CX 30 COMP REV;7897595604163;6;6.69;40.14
Pedido_PROMO_REDE_20260930;2026-09-30;PROMO REDE PA;;3867;7893454100555;LIDOCAINA POMADA 5% 25GR (LIDIAL);151761;LIDIAL 50MG/G POM BG 25G;7893454100555;1;6.73;6.73
Pedido_PROMO_REDE_20260930;2026-09-30;PROMO REDE PA;;7499;7896004755410;PRAZY 20MG C/28 CPR REV;393141;PRAZY 20MG CX 4BL X 7 COMP REV;7896004755410;5;6.80;34.00
Pedido_PROMO_REDE_20260930;2026-09-30;PROMO REDE PA;;1665;7894164005215;CLORETO SOD 0,9MG SOL 50ML SPR NASONEW;558341;NASONEW VALVULA SPRAY 50ML SOL;7894164005215;5;6.82;34.10
Pedido_PROMO_REDE_20260930;2026-09-30;PROMO REDE PA;;3402;7894164006762;HIDROX ALUMINIO 60MG/ML SUSP ORAL 150ML.;531561;HIDROXIDO ALUMINIO SAB HORTELA 150ML;7894164006762;13;7.16;93.08
Pedido_PROMO_REDE_20260930;2026-09-30;PROMO REDE PA;;1498;7896699016896;CHUP TIP SIL ORTO T2 AZUL 4015-01;653431;CH TIP SIL O T2 AZUL - LOLLY;7896699016896;2;7.25;14.50
Pedido_PROMO_REDE_20260930;2026-09-30;PROMO REDE PA;;3938;7896112401278;LOSARTANA+HIDRO 50MG+12,5MG C/30CPR(GEN);286881;LOSARTANA POTASSICA+HIDROCLOROTIAZIDA 50+12,5MG CX 30 COMP REV;7896112401278;2;7.29;14.58
Pedido_PROMO_REDE_20260930;2026-09-30;PROMO REDE PA;;2705;7897517921002;ESCOVA DENT SORT AZ/RS UN DENTINHO 2100;612821;ESCOVA DENT KESS DENTINHO;7897517921002;10;7.32;73.20
Pedido_PROMO_REDE_20260930;2026-09-30;PROMO REDE PA;;6810;7896112407461;DEGEN (VITAMINA D) 15000UI CAP X 4;661231;DEGEN 15000UI CX 4 CAP;7896112407461;7;7.42;51.94
Pedido_PROMO_REDE_20260930;2026-09-30;PROMO REDE PA;;6176;7898133139253;SORO REHID. COCO 500ML (HIDRALYTE);103421;HIDRALYTE (2,05 + 0,98 + 22,75 + 2,16) MG/ML SOL OR FR PLAS X 500 ML (SABOR AGUA DE COCO);7898133139253;5;7.56;37.80
Pedido_PROMO_REDE_20260930;2026-09-30;PROMO REDE PA;;6197;7898133139260;SORO REHID. TUTTI FR 500 ML (HIDRALYTE);103461;HIDRALYTE (2,05 + 0,98 + 22,75 + 2,16) MG/ML SOL OR FR PLAS X 500 ML (SABOR TUTTI FRUTTI);7898133139260;9;7.56;68.04
Pedido_PROMO_REDE_20260930;2026-09-30;PROMO REDE PA;;7153;7896004712413;CLOBETASOL 0,5MG CREME 30G (GEN);414441;PROPIONATO DE CLOBETASOL 0,5MG CREME BG 30G;7896004712413;1;7.57;7.57
Pedido_PROMO_REDE_20260930;2026-09-30;PROMO REDE PA;;174;7898048690900;AGUARDENTE EM ELIXIR 200ML (ALEMA);651171;AGUARDENTE ALEMA JALAPA 200ML;7898048690900;1;7.68;7.68
Pedido_PROMO_REDE_20260930;2026-09-30;PROMO REDE PA;;4269;7898283815182;MASCARA DESC TRIPLA C/ ELAST C/50 BRANCA;555821;MASCARA TRIPLA C/ELASTI BRANCA 50UN CART;7898283815182;1;7.70;7.70
Pedido_PROMO_REDE_20260930;2026-09-30;PROMO REDE PA;;2188;7897917000161;DELTAMETRINA 0,2MG LOCAO 100ML DELTAPIL;201981;DELTAPIL 0,20MG LOCAO FR 100ML;7897917000161;1;7.71;7.71
Pedido_PROMO_REDE_20260930;2026-09-30;PROMO REDE PA;;5449;7896007202720;PRES. BLOWTEX SENSITIVE EXTRA FINA C/03;632781;PRESERV BLOWTEX SENS EXTRA FINO 3UN;7896007202720;14;7.73;108.22
Pedido_PROMO_REDE_20260930;2026-09-30;PROMO REDE PA;;7390;7896004704586;VAL.BET+S.GENT+TOL+CLIO CREME 20G (GEN);111821;VAL BETAMETASONA+GENTAMICINA+TOLNAFTATO+CLIOQUINOL CREME BG 20G;7896004704586;1;7.75;7.75
Pedido_PROMO_REDE_20260930;2026-09-30;PROMO REDE PA;;1182;7897848501171;CETOCONAZOL SHAMPOO 100ML (CETONAT);92001;CETOCONAZOL 20 MG/ML SHAMP CT FR PLAS X 100 ML;7897848501041|7897848501171;2;7.78;15.56
Pedido_PROMO_REDE_20260930;2026-09-30;PROMO REDE PA;;1156;7899095259546;CETOCONAZ+BETAMET CR 30G(GEN)(CONACORT).;94121;CETOCONAZOL+DIPROPIONATO DE BETAMETASONA 20MG/G CREM BG 30GR;7899095259546;9;7.92;71.28
Pedido_PROMO_REDE_20260930;2026-09-30;PROMO REDE PA;;7665;7897732609914;OLEO DE GIRASSOL AGE 200ML;661631;OLEO DE GIRASSOL AGE 200ML   THEO %DN:0.00;7897732609914;11;8.23;90.53
Pedido_PROMO_REDE_20260930;2026-09-30;PROMO REDE PA;;2784;7897517920098;ESCOVA PARA HIGIEN. DE LINGUA SORT 2009;607961;ESCOVA PARA HIGIENIZACAO DE LINGUA KESS 12X01UN;7897517920098;4;8.26;33.04
Pedido_PROMO_REDE_20260930;2026-09-30;PROMO REDE PA;;6181;7894164009473;SORO REHID. GUARANA 4 X28,98G (HIDRALI);604151;HIDRALI PO 28,29G  ENVELOPE CX COM 4 (GUARANÁ);7894164009473;15;8.60;129.00
Pedido_PROMO_REDE_20260930;2026-09-30;PROMO REDE PA;;1504;7896699033244;CHUP VIVA SIL ORTO T2 F 4915-01;653461;4915-01-F CH VIVA SIL O T2 F LOLLY;7896699033244;1;8.76;8.76
Pedido_PROMO_REDE_20260930;2026-09-30;PROMO REDE PA;;4463;7896699015455;MINI MAMAD CLEAN 50ML AZ 1971-00/1970-01;643521;1970-01-M MINI MAM CLEAN 50ML M CX C/6 - LOLLY;7896699015455;2;9.07;18.14
Pedido_PROMO_REDE_20260930;2026-09-30;PROMO REDE PA;;4462;7896699015479;MINI MAMAD CLEAN  50ML RS1971-00/1970-01;643511;1970-01-F MINI MAM CLEAN 50ML F - LOLLY;7896699015479;2;9.07;18.14
Pedido_PROMO_REDE_20260930;2026-09-30;PROMO REDE PA;;2757;7897517920876;ESCOVA DENTAL PRO EXTRA MACIA 2087;620981;ESCOVA DENT KESS PRO MACIA (2087) 12X01UN;7897517920876;9;9.28;83.52
Pedido_PROMO_REDE_20260930;2026-09-30;PROMO REDE PA;;9127;7908103749839;MORDEDOR C/ AGUA CORUJA ROSA;674691;MORDEDOR C/ AGUA CORUJA ROSA;7908103749839;2;9.38;18.76
Pedido_PROMO_REDE_20260930;2026-09-30;PROMO REDE PA;;9126;7908103749822;MORDEDOR C/ AGUA CORUJA AZUL;674741;MORDEDOR C/ AGUA CORUJA AZUL;7908103749822;2;9.38;18.76
Pedido_PROMO_REDE_20260930;2026-09-30;PROMO REDE PA;;2897;7897732607897;EXTRATO DE PROPOLIS VERDE 30% GTS 20ML;607431;EXTRATO DE PROPOLIS VERDE 30ML;7897732607897;10;9.60;96.00
Pedido_PROMO_REDE_20260930;2026-09-30;PROMO REDE PA;;4090;7896699025447;MAMAD CLEAN 250ML SIL SQ 2670-00-RS;629821;LOLLY MAM CLEAN 250ML SIL R 2660-01ROSA;7896699025362|7896699025447;4;9.83;39.32
Pedido_PROMO_REDE_20260930;2026-09-30;PROMO REDE PA;;6813;7896112406839;VITAMINA D 15000UI C/04 CPS;633751;VITAMINA D3 15000UI 4 CAP;7896112406839;1;9.88;9.88
Pedido_PROMO_REDE_20260930;2026-09-30;PROMO REDE PA;;5208;7899470805740;PASTA D AGUA + OXIDO ZINCO 80G;591051;PASTA DAGUA NATULAB 80G;7899470805740;10;10.01;100.10
Pedido_PROMO_REDE_20260930;2026-09-30;PROMO REDE PA;;3372;7899470807744;HIDR. ALUM+MAG+SIM SUS 240ML (GASTROBEM);12203;GASTROBEM 240ML SUS MENTA.;7899470807744;2;10.07;20.14
Pedido_PROMO_REDE_20260930;2026-09-30;PROMO REDE PA;;6931;7898133131837;XAROPE DE GUACO 150ML;564121;XAROPE DE GUACO 150 ML CX QTD. 80.00 UN;7898133131837;3;10.08;30.24
Pedido_PROMO_REDE_20260930;2026-09-30;PROMO REDE PA;;5631;7894913000447;PULMOVIC ADULTO 200MG/15ML 120ML;643011;PULMOVIC ADULTO 200MG/15ML 120ML;7894913000447;1;10.43;10.43
Pedido_PROMO_REDE_20260930;2026-09-30;PROMO REDE PA;;2518;7896004734392;DROSP.+ETINIL 3MG+0,03MG C/21 CPR (GEN);240121;DROSPIRENONA+ETINILESTRADIOL 3+0,03MG CX 21 COMP REV;7896004734392;1;10.65;10.65
Pedido_PROMO_REDE_20260930;2026-09-30;PROMO REDE PA;;6183;7898133137372;SORO REHID. LARANJA 4 X27,9G (HIDRAPLEX);565921;HIDRAPLEX PO 27,9G ENVELOPE  FRACIONADO SABOR LARANJA;7898133137372;5;10.91;54.55
Pedido_PROMO_REDE_20260930;2026-09-30;PROMO REDE PA;;2081;7894913004438;CORTCLEAN SPRAY 45ML;653671;CORTCLEAN SPRAY 45ML (MERTHIOCORT);7894913004438;1;11.11;11.11
Pedido_PROMO_REDE_20260930;2026-09-30;PROMO REDE PA;;8451;7898582292646;OLEO DE GIRASSOL DERSOL 200ML;573701;DERSOL LOCAO OLEOSA 200ML;7898582290178|7898582292646;1;11.20;11.20
Pedido_PROMO_REDE_20260930;2026-09-30;PROMO REDE PA;;9750;8902220114128;BISOPROLOL 1,25MG C/30 CPR REV (GEN);276061;HEMIFUMARATO DE BISOPROLOL 1,25MG CX 30 COMP REV;8902220114128;1;11.22;11.22
Pedido_PROMO_REDE_20260930;2026-09-30;PROMO REDE PA;;8236;7896004713366;ACETILCISTEINA 40MG AD XPE 120ML (GEN).;10241;ACETILCISTEINA 40MG XPE FR 120ML ADU;7896004713366;3;11.22;33.66
Pedido_PROMO_REDE_20260930;2026-09-30;PROMO REDE PA;;5465;7896007201297;PRES. BLOWTEX SKYN TEXTURIZADO C/03;641781;PRESERV BLOWTEX SKYN TEXTURIZADO 3UN;7896007201297;6;11.37;68.22
Pedido_PROMO_REDE_20260930;2026-09-30;PROMO REDE PA;;5733;7896902211896;REPELENTE ADULTO FRASCO MOSKITOFF 100ML;679801;REPELENTE LOCAO MOSKITOFF 100ML;7896902211896;5;11.48;57.40
Pedido_PROMO_REDE_20260930;2026-09-30;PROMO REDE PA;;348;7896004700458;AMOXICILINA 250MG/ML SUSP 150ML (GEN);32821;AMOXICILINA 250MG SUS FR 150ML;7896004700458;2;11.50;23.00
Pedido_PROMO_REDE_20260930;2026-09-30;PROMO REDE PA;;22;7898179710065;AAS INFANTIL 100MG 20X10 CPR (DORMEC);13361;DORMEC 100 MG C/10 (CARTELA);7898179710065;24;11.69;280.56
Pedido_PROMO_REDE_20260930;2026-09-30;PROMO REDE PA;;4460;7897517920074;MINI ESC INTERDENT CILIND GROSA C/6 2007;619251;MINI ESC INTERDENT CILIND GROSA C/6 2007;7897517920074;1;12.26;12.26
Pedido_PROMO_REDE_20260930;2026-09-30;PROMO REDE PA;;3427;7896004752488;IBANDRONATO SODIO 150MG C/1 CPR (GEN);294641;IBANDRONATO SODIO MONO 150MG CX 1 COMP;7896004752488;1;12.41;12.41
Pedido_PROMO_REDE_20260930;2026-09-30;PROMO REDE PA;;6811;7898687734089;VITAMINA D 15.000UI C/04 CPS;3063;VITAMINA D3 15000UI CX 4 CAP;7898687734089;3;12.68;38.04
Pedido_PROMO_REDE_20260930;2026-09-30;PROMO REDE PA;;816;7896033251020;BICO ORTOFORM SIL TAM2 C/02UND 618700;603511;BICO MAM ORTO SILICONE TAM 2;7896033251020;2;12.73;25.46
Pedido_PROMO_REDE_20260930;2026-09-30;PROMO REDE PA;;4767;7894913003189;NINNAR MELATONINA MARACUJA 30ML;643071;NINNAR MELATONINA MARACUJA 30ML;7894913003189;1;13.10;13.10
Pedido_PROMO_REDE_20260930;2026-09-30;PROMO REDE PA;;2883;7894913003745;EXOMUC ADULTO MEL/LIMAO 120ML;642951;EXOMUC ADULTO MEL/LIMAO 120ML;7894913003745;1;13.13;13.13
Pedido_PROMO_REDE_20260930;2026-09-30;PROMO REDE PA;;412;7894913000768;ANTIAZIL NATURAL 150ML;664051;ANTIAZIL NATURAL 150ML;7894913000768;6;13.13;78.78
Pedido_PROMO_REDE_20260930;2026-09-30;PROMO REDE PA;;75;7898593052888;ACETILCISTEINA 600MG C/16ENV 5G FLUCETIL;558241;FLUCETIL 600MG SACHE UN;7898593052888;2;13.21;26.42
Pedido_PROMO_REDE_20260930;2026-09-30;PROMO REDE PA;;5616;7896699011433;PROTETOR DE MAMILO 7270-01;653441;7270-01 PROTETOR DE MAMILO LOLLY;7896699011433;1;13.31;13.31
Pedido_PROMO_REDE_20260930;2026-09-30;PROMO REDE PA;;6009;7898706401930;SERINGA P/LAVAGEM NASAL LALA JACARE 10ML;685901;SERINGA P/LAVAGEM NASAL LALA JACARE 10ML;7898706401930;2;13.46;26.92
Pedido_PROMO_REDE_20260930;2026-09-30;PROMO REDE PA;;8474;7896658050145;BILASTINA 20MG COM BLX15 (GEN);666551;BILASTINA 20MG COM BLX15 (GEN);7896658050145;18;14.47;260.46
Pedido_PROMO_REDE_20260930;2026-09-30;PROMO REDE PA;;8723;7898706400155;SERINGA P/ LAVAGEM NASAL 10ML PRINCIPE;671161;SERINGA P/ LAVAGEM NASAL 10ML PATATI PAT;7898706400155;1;14.82;14.82
Pedido_PROMO_REDE_20260930;2026-09-30;PROMO REDE PA;;5834;7896004780504;RIVAROXABANA 15MG C/30 CPR (GEN);659651;RIVAROXABANA 15MG CX 30 COMP REV;7896004780504;1;14.82;14.82
Pedido_PROMO_REDE_20260930;2026-09-30;PROMO REDE PA;;1113;7896004703275;CEFADROXILA 500MG C/8 CPR (GEN);86341;CEFADROXILA 500MG CX 8 COMP;7896004703275;5;15.11;75.55
Pedido_PROMO_REDE_20260930;2026-09-30;PROMO REDE PA;;1256;7896699032247;CHUP 100% SIL OT1 N NEUTRA 6014-01;643611;6014-01-N CH 100% SILICONE OT1 N LOLLY;7896699032247;7;15.13;105.91
Pedido_PROMO_REDE_20260930;2026-09-30;PROMO REDE PA;;180;7898639693853;AGULHA AUTO LANCETA 28G C/100 LANA28G1M;609501;AUTO LANCETA MINI G-TECH 28G CX 100 UNID;7898639693853;9;15.17;136.53
Pedido_PROMO_REDE_20260930;2026-09-30;PROMO REDE PA;;5847;618341054462;ROSA SELVAGEM DESODORANTE ANTIT. 85G;644131;ROSA SELVAGEM DESODORANTE ANTIT. 85ML;618341054462;18;15.35;276.30
Pedido_PROMO_REDE_20260930;2026-09-30;PROMO REDE PA;;5964;7898133136047;SEAKALM 260MG C/20 CPR REV;542121;SEAKALM 260MG MARACUJA NATULAB CAIXA 20 COMPRIMIDOS REVESTIDOS;7898133136047;11;15.41;169.51
Pedido_PROMO_REDE_20260930;2026-09-30;PROMO REDE PA;;7139;7896004711034;ESPIRONOLACTONA 50MG C/30 (GEN);237021;ESPIRONOLACTONA 50MG CX 30 COMP;7896004711034;6;15.47;92.82
Pedido_PROMO_REDE_20260930;2026-09-30;PROMO REDE PA;;2898;7898569762674;EZETIMIBA 10MG C/30 CPR (GEN);243061;EZETIMIBA 10MG CX 30 COMP REV;7898569762674;9;15.55;139.95
Pedido_PROMO_REDE_20260930;2026-09-30;PROMO REDE PA;;6409;7908371200223;TALCO VEG. TUR. DA MONICA 200G CH. BEBE;586061;T. MONICA TALCO VEGE 200G CHEIR MEU BEBE;7908371200223;1;15.57;15.57
Pedido_PROMO_REDE_20260930;2026-09-30;PROMO REDE PA;;8934;7896658053498;SUCCINATO METOPROLOL 25MG C/30 CPR GEN;16803;SUCCINATO METOPROLOL 25MG C/30 CPR GEN;7896658053498;5;15.80;79.00
Pedido_PROMO_REDE_20260930;2026-09-30;PROMO REDE PA;;173;7897732609259;AGUARDENTE EM ELIXIR 200ML (AGUALEMA);3273;AGUALEMA JALAPA 200ML;7897732609259;4;15.82;63.28
Pedido_PROMO_REDE_20260930;2026-09-30;PROMO REDE PA;;7382;7896004757353;LEVOCETIRIZINA 5MG C/10 CPR REV (GEN);609121;DICLOR.LEVOCETIRIZINA 5MG CX 10 COMP REV;7896004757353;1;16.37;16.37
Pedido_PROMO_REDE_20260930;2026-09-30;PROMO REDE PA;;3796;7899095200647;LANSOPRAZOL 30MG C/28 CAPS (LANZOPEPT);313581;LANZOPEPT 30MG CX 28 CAP;7899095200647;10;17.34;173.40
Pedido_PROMO_REDE_20260930;2026-09-30;PROMO REDE PA;;6244;7896112406693;SUCCINATO METOPROLOL 50MG C/30 CPR GEN;667241;SUCCINATO DE METOPROLOL 50MG CX 30 COMP;7896112406693;3;17.71;53.13
Pedido_PROMO_REDE_20260930;2026-09-30;PROMO REDE PA;;6762;7898593053366;VITAMINA B12 MASTIGAVEIS 60 CPR;604071;VITAMINA B-12 60CP MAST;7898593053366;17;17.82;302.94
Pedido_PROMO_REDE_20260930;2026-09-30;PROMO REDE PA;;7151;7896004791111;OLMESARTANA MEDOXOMILA 40MG 30CPR (GEN);4933;OLMESARTANA MEDOXOMILA 40MG 30 CP;7896004791111;28;18.59;520.52
Pedido_PROMO_REDE_20260930;2026-09-30;PROMO REDE PA;;3852;7896658036347;LEVOFLOXACINO 750MG C/5 CPR REV (GEN);316501;LEVOFLOXACINO 750MG CX 5 COMP REV;7896658036347;4;18.61;74.44
Pedido_PROMO_REDE_20260930;2026-09-30;PROMO REDE PA;;6023;7898932370932;SERINGA P/ LAVAGEM NASAL 20ML MOD: SKYE;670971;SERINGA P/ LAVAGEM NASAL 20ML MOD: SKYE;7898932370932;2;18.95;37.90
Pedido_PROMO_REDE_20260930;2026-09-30;PROMO REDE PA;;6656;7894913003738;UNIQ B12 BAUNILHA C/60 CPR MASTIGAVEL;630641;UNIQ B12 BAUNILHA C/60 CPR MASTIGAVEL;7894913003738;4;18.97;75.88
Pedido_PROMO_REDE_20260930;2026-09-30;PROMO REDE PA;;5800;7896112453154;REVITAM JR 120ML (VITAMINA A B C D E);596551;REVITAM JR FR 120ML;7896112453154;1;19.38;19.38
Pedido_PROMO_REDE_20260930;2026-09-30;PROMO REDE PA;;5971;7899470800882;SEAKALM SOL. 90MG/ML 100ML;542181;SEAKALM 90MG/ML C/100ML - FARMA;7899470800882;4;20.60;82.40
Pedido_PROMO_REDE_20260930;2026-09-30;PROMO REDE PA;;3585;7898014560817;KAOSEC 2MG 50BLX4 CPR (LOPERAMIDA);153161;KAOSEC 2,0 MG (CARTELA) COM 4CP;7898014560817;1;21.52;21.52
Pedido_PROMO_REDE_20260930;2026-09-30;PROMO REDE PA;;7148;7896004750347;OLMESARTANA+HCTZ 40/12,5MG C/30 CPR GEN;491601;OLMESART.+HCTZ 40+12,5MG CX 3BL X 10 COMP REV;7896004750347;3;23.71;71.13
Pedido_PROMO_REDE_20260930;2026-09-30;PROMO REDE PA;;6978;7896004821696;BILASTINA 20MG C/20 CPR (GEN);658801;BILASTINA 20MG CX 20 COMP;7896004821696;5;23.74;118.70
Pedido_PROMO_REDE_20260930;2026-09-30;PROMO REDE PA;;1579;7896658049132;CIPROFIBRATO 100MG C/60 CPR (GENERICO);31303;CIPROFIBRATO 100MG CX 60 COMP;7896658049132;1;25.02;25.02
Pedido_PROMO_REDE_20260930;2026-09-30;PROMO REDE PA;;2082;7898601063479;COTOVELEIRA AJUSTAVEL NEOSOFT KSN074;37003;COTOVELEIRA AJUSTAVEL NEOSOFT KSN074;7898601063479;3;25.58;76.74
Pedido_PROMO_REDE_20260930;2026-09-30;PROMO REDE PA;;4204;7896033212359;MAMAD SUP EVOLUTION 300ML MINNIE 305431;671041;MAMAD SUP EVOLUTION 300ML MINNIE 305431;7896033212359;1;25.73;25.73
Pedido_PROMO_REDE_20260930;2026-09-30;PROMO REDE PA;;4294;7898557147650;MATHERLLY LACT C/30 CMP;605771;MATHERLLY LACT CX C/30 (NATULAB);7898557147650;1;25.93;25.93
Pedido_PROMO_REDE_20260930;2026-09-30;PROMO REDE PA;;4695;7899470805061;NASOJET MARIS JATO CONTINUO AEROS 100ML;12003;NASOJET 0,9% 100ML JATO CONTINUO;7899470805061;1;25.99;25.99
Pedido_PROMO_REDE_20260930;2026-09-30;PROMO REDE PA;;3109;7898014566932;FOSFOMICINA TROMETAMOL C/1 ENV 8G (GEN);525381;FOSFOMICINA TROMETAMOL 5,631 G GRAN SOL OR CT ENV AL/PLAS PES/PE OPC;7898014566932;2;26.56;53.12
Pedido_PROMO_REDE_20260930;2026-09-30;PROMO REDE PA;;5966;7899470807652;SEAKALM 600MG C/20 CPR REV;578701;SEAKALM 600MG 20CP REV;7899470807652;8;27.46;219.68
Pedido_PROMO_REDE_20260930;2026-09-30;PROMO REDE PA;;2110;7898944774698;CREATINA 100% PURA C/120 CAPS;709701;CREATINE MAXTITANIUM 120 CAPS;7898944774698;2;29.37;58.74
Pedido_PROMO_REDE_20260930;2026-09-30;PROMO REDE PA;;6418;7896004752112;TANSULOSINA 0,4MG C/20 CPS (GEN);178141;CLORIDRATO DE TANSULOSINA 0,4MG CX 20 COMP REV PROL;7896004752112;1;30.16;30.16
Pedido_PROMO_REDE_20260930;2026-09-30;PROMO REDE PA;;2533;7896004754031;DULOXETINA 30MG C/30 CPS (GENERICO) (C1);143461;CLORIDRATO DE DULOXETINA 30MG 2BL 15CAP;7896004754031;1;37.80;37.80
Pedido_PROMO_REDE_20260930;2026-09-30;PROMO REDE PA;;3422;7899941202269;HORUS POTE FRUTAS VERMELHAS 150G;646171;HORUS MAX TITANIUM FRUTAS VERMELHAS POTE 150G;7899941202269;25;39.56;989.00
Pedido_PROMO_REDE_20260930;2026-09-30;PROMO REDE PA;;3420;7899941202849;HORUS POTE CITRUS 150G;597591;HORUS MAX TITANIUM CITRUS POTE 150G;7899941202849;1;39.56;39.56
Pedido_PROMO_REDE_20260930;2026-09-30;PROMO REDE PA;;1943;7896699034470;COPO ANTIV STAR BICO AZ 250ML 7197-00-M;653471;COPO STAR BICO SIL 250ML M CX/6 - LOLLY;7896699034470;1;41.58;41.58
Pedido_PROMO_REDE_20260930;2026-09-30;PROMO REDE PA;;4656;7898601063486;MUNHEQUEIRA C/TALA AJUST NEOSOFT KSN075;582981;MUNHEQUEIRA COM TALA AJUS NEO REF.KSN075;7898601063486;1;43.58;43.58
Pedido_PROMO_REDE_20260930;2026-09-30;PROMO REDE PA;;6561;7898301059635;TIRAS P/ MEDIR GLICOSE C/50 LITE;616151;TIRA DE TESTE DE GLICOSE LITE C/50 UND;7898301059635;7;60.41;422.87
Pedido_PROMO_REDE_20260930;2026-09-30;PROMO REDE PA;;9607;40141785435;BERBERINA FORTMAGRI 1500MG C/60 CAPS;638781;FORTMAGRI 1500MG 60 CPS (BERBERINA+FENO+MOROSIL+CROMO);40141785435;1;61.44;61.44
Pedido_PROMO_REDE_20260930;2026-09-30;PROMO REDE PA;;9607;40141785435;BERBERINA FORTMAGRI 1500MG C/60 CAPS;709901;BERBERINA FORTMAGRI 1500MG C/60 CAPS;40141785435;4;61.44;245.76
Pedido_PROMO_REDE_20260930;2026-09-30;PROMO REDE PA;;4259;7898056232727;MANTEIGA DE CACAU DISPLAY C/50 UND;9903;MANTEIGA DE CACAU DISPLAY C/50 UND;7898056230778|7898056232727;1;65.45;65.45
Pedido_PROMO_REDE_20260930;2026-09-30;PROMO REDE PA;;5850;7898945746663;ROSA SELVAGEM OL.ROSA MOSQUETA SPR 100ML;3543;ROSA SELVAGEM OLEO ROSA MOSQUETA 100ML 1X100ML;7898945746663;1;68.73;68.73
Pedido_PROMO_REDE_20260930;2026-09-30;PROMO REDE PA;;862;7896788040429;BOLINHAS DE FISIOTERAPIA CRESPA C/12;37203;BOLINHAS DE FISIOTERAPIA CRESPA C/12;7896788040429;1;79.16;79.16
Pedido_PROMO_REDE_20260930;2026-09-30;PROMO REDE PA;;3487;7898639690975;INALADOR / NEBULIZADOR NEBCOMDC1 COMPACT;594881;INALADOR NEBULIZADOR COMPACT DC1 G-TECH;7898639690975;1;104.09;104.09
Pedido_PROMO_REDE_20260930;2026-09-30;PROMO REDE PA;;447;7898639690388;AP DE PRESSAO BRACO DIGITAL (BSP11);607151;APARELHO DE PRESSAO DIGITAL DE BRACO BSPII;7898639690388;2;110.00;220.00
